Assertions_P1,Assertions_P2,Questions_P1,Questions_P2,Logical_Structures_P1,Logical_Structures_P2,Avg_Sentiment_P1,Avg_Sentiment_P2,Avg_Words_Per_Utterance_P1,Avg_Words_Per_Utterance_P2,Avg_Words_Per_Sentence_P1,Avg_Words_Per_Sentence_P2,Avg_Chars_Per_Utterance_P1,Avg_Chars_Per_Utterance_P2,Total_Words_P1,Total_Words_P2,Total_Sentences_P1,Total_Sentences_P2,Dataset
-934.0258044554455,-934.0258044554455,0.10247524752475247,0.10247524752475247,0.4879950495049505,0.4879950495049505,0.14655944298669826,0.14655944298669826,46.36868811881188,46.36868811881188,8.981397578808583,8.981397578808583,339.00086633663364,339.00086633663364,749318,749318,83430,83430,GPT-4o_vs_GPT-4o-mini
-1081.7468316831682,-524.7444306930693,0.21346534653465346,0.11683168316831684,0.22752475247524753,0.3896039603960396,0.08769692963172251,0.14738597846976656,21.075148514851485,38.100866336633665,8.243000425976842,8.447807474891608,146.67089108910892,271.71559405940593,212859,307855,25823,36442,LLaMA-3_vs_GPT-4
-120.3319801980198,-86.50358910891089,0.02524752475247525,0.021410891089108913,1.29,0.5542079207920793,0.08475512279193692,0.12010151939791468,65.95108910891089,44.156930693069306,22.185784705568878,10.100727571270843,485.26148514851485,332.20643564356436,666106,356788,30024,35323,DeepSeek_vs_LLaMA
