,Person_One_Accuracy,Person_Two_Accuracy
Agreeableness,71.65841584158416,71.65841584158416
Openness,49.554455445544555,49.554455445544555
Conscientiousness,55.47029702970298,55.47029702970298
Extraversion,67.5,67.5
Neuroticism,65.84158415841584,65.84158415841584
