Trait,CCH_P1,CCL_P1,MCH_P1,MCL_P1,HTA_P1,LTA_P1,TCC_P1,CCH_P2,CCL_P2,MCH_P2,MCL_P2,HTA_P2,LTA_P2,TCC_P2
Agreeableness,981,577,433,29,97.12871287128712,57.12871287128712,77.12871287128714,1007,393,617,3,99.70297029702971,38.910891089108915,69.3069306930693
Openness,994,312,698,16,98.41584158415841,30.89108910891089,64.65346534653466,1005,151,859,5,99.5049504950495,14.95049504950495,57.227722772277225
Conscientiousness,981,129,881,29,97.12871287128712,12.772277227722773,54.95049504950495,986,111,899,24,97.62376237623762,10.990099009900991,54.30693069306931
Extraversion,637,931,79,373,63.06930693069307,92.17821782178218,77.62376237623762,638,876,134,372,63.16831683168317,86.73267326732673,74.95049504950495
Neuroticism,317,976,34,693,31.386138613861387,96.63366336633663,64.00990099009901,292,980,30,718,28.910891089108908,97.02970297029702,62.97029702970297
