,Person_One_Accuracy,Person_Two_Accuracy
Agreeableness,68.61386138613862,74.70297029702971
Openness,47.97029702970297,51.13861386138614
Conscientiousness,55.742574257425744,55.1980198019802
Extraversion,68.56435643564357,66.43564356435644
Neuroticism,64.3069306930693,67.37623762376238
