,Person_One_Accuracy,Person_Two_Accuracy
Agreeableness,52.22772277227723,58.81188118811881
Openness,47.07920792079208,47.77227722772277
Conscientiousness,52.67326732673268,50.89108910891089
Extraversion,53.366336633663366,54.95049504950495
Neuroticism,52.42574257425743,54.65346534653466
