,Person_One_Accuracy,Person_Two_Accuracy
Agreeableness,64.75247524752476,64.60396039603961
Openness,49.05940594059406,47.77227722772277
Conscientiousness,55.7920792079208,56.63366336633663
Extraversion,62.524752475247524,61.13861386138614
Neuroticism,68.36633663366337,64.45544554455445
