Trait,Fleiss_Kappa_P2
Agreeableness,0.5324074074074071
Openness,0.4294922913343967
Conscientiousness,0.3664874551971312
Extraversion,0.260073260073261
Neuroticism,0.3884072114001175
