Trait,Fleiss_Kappa_P1
Agreeableness,0.518374539988597
Openness,0.2493183988885988
Conscientiousness,0.33012409071459153
Extraversion,0.2874779541446208
Neuroticism,0.3516573295985058
