Trait,Fleiss_Kappa_P2
Agreeableness,0.5571380296549051
Openness,0.42005742005742
Conscientiousness,0.36595347358801655
Extraversion,0.09661500501195067
Neuroticism,0.29345232257853604
