Trait,Avg_Fleiss_Kappa_P1,Avg_Fleiss_Kappa_P2
Agreeableness,0.6567656765676567,0.6171617161716172
Openness,0.5643564356435643,0.537953795379538
Conscientiousness,0.47194719471947194,0.6831683168316833
Extraversion,0.6303630363036302,0.7227722772277227
Neuroticism,0.4455445544554455,0.4191419141914191
