Trait,Fleiss_Kappa_P1
Agreeableness,0.5001596424010217
Openness,0.6994047619047619
Conscientiousness,0.3519226232602027
Extraversion,0.12326388888888831
Neuroticism,0.4802611367127494
