Trait,Fleiss_Kappa_P2
Agreeableness,0.6920221404660103
Openness,0.6317656027310994
Conscientiousness,0.42177024482109166
Extraversion,0.10459102902374795
Neuroticism,0.46257635401113045
