Trait,Fleiss_Kappa_P1
Agreeableness,0.24157509157509174
Openness,0.5338461538461539
Conscientiousness,0.501878136200717
Extraversion,0.23484848484848467
Neuroticism,0.2328840393667092
